{
	"id": "80d79522-18a0-43f8-a5b0-497ec3fb9009",
	"name": "Secondhand-Web",
	"values": [
		{
			"key": "base.url",
			"value": "https://secondhand.binaracademy.org",
			"type": "default",
			"enabled": true
		},
		{
			"key": "token",
			"value": "",
			"type": "default",
			"enabled": true
		},
		{
			"key": "productid",
			"value": "",
			"type": "default",
			"enabled": true
		},
		{
			"key": "offerid",
			"value": "",
			"type": "default",
			"enabled": true
		},
		{
			"key": "email",
			"value": "",
			"type": "any",
			"enabled": true
		}
	],
	"_postman_variable_scope": "environment",
	"_postman_exported_at": "2023-07-16T08:32:16.103Z",
	"_postman_exported_using": "Postman/10.16.0"
}